tree,run,project,exit,iconSha256,imageSha256
final,1,chromium-light-desktop,0,7aa8bad0b12c7d35906fe33e9ccfaa1c2031941f64f96c61dc3d1cf2d80ab389,06576ae52a8f71fcdd5d8d4d460b012d8a7ed5e6987837368e359f4efc4b6ce7
final,1,chromium-dark-desktop,0,f7fd0a03439b8ad760c1604141f67b9d8fa8a0e11e75bddafa32384905a87532,e100b708b08ad6e3f48004da2ce03addb144076acb8912ce3332635d0ff4b4b5
final,2,chromium-light-desktop,0,7aa8bad0b12c7d35906fe33e9ccfaa1c2031941f64f96c61dc3d1cf2d80ab389,06576ae52a8f71fcdd5d8d4d460b012d8a7ed5e6987837368e359f4efc4b6ce7
final,2,chromium-dark-desktop,0,f7fd0a03439b8ad760c1604141f67b9d8fa8a0e11e75bddafa32384905a87532,3f01933430cd6b4fdb78c1c42eef8aa0d4b5b239b14622e2bfa804294b8534ef
final,3,chromium-light-desktop,0,7aa8bad0b12c7d35906fe33e9ccfaa1c2031941f64f96c61dc3d1cf2d80ab389,bfe6b1e98cddb9ff5e4663c05f69834000b84cc68dd9b353a483950c6b545604
final,3,chromium-dark-desktop,0,f7fd0a03439b8ad760c1604141f67b9d8fa8a0e11e75bddafa32384905a87532,3f01933430cd6b4fdb78c1c42eef8aa0d4b5b239b14622e2bfa804294b8534ef
final,4,chromium-light-desktop,0,7aa8bad0b12c7d35906fe33e9ccfaa1c2031941f64f96c61dc3d1cf2d80ab389,06576ae52a8f71fcdd5d8d4d460b012d8a7ed5e6987837368e359f4efc4b6ce7
final,4,chromium-dark-desktop,0,f7fd0a03439b8ad760c1604141f67b9d8fa8a0e11e75bddafa32384905a87532,99337149e1850c4489a139302b5f81abcb8dddc2487f7b5ae2788e0635951619
final,5,chromium-light-desktop,0,dfda445e9451b1353826010f5e4880e1e590774002fd8f50959e42cd96e60252,4848f5a8b22e47d710d33682c863c8cbd412fd03715e393428f826dbce19bdeb
final,5,chromium-dark-desktop,0,f7fd0a03439b8ad760c1604141f67b9d8fa8a0e11e75bddafa32384905a87532,99337149e1850c4489a139302b5f81abcb8dddc2487f7b5ae2788e0635951619
prefix,1,chromium-light-desktop,0,dfda445e9451b1353826010f5e4880e1e590774002fd8f50959e42cd96e60252,4848f5a8b22e47d710d33682c863c8cbd412fd03715e393428f826dbce19bdeb
prefix,1,chromium-dark-desktop,0,f7fd0a03439b8ad760c1604141f67b9d8fa8a0e11e75bddafa32384905a87532,8bc11c81d54a9baba829bd43d6d9bd173a4001120cd92d708c27d0b2baca1dc0
prefix,2,chromium-light-desktop,0,dfda445e9451b1353826010f5e4880e1e590774002fd8f50959e42cd96e60252,4848f5a8b22e47d710d33682c863c8cbd412fd03715e393428f826dbce19bdeb
prefix,2,chromium-dark-desktop,0,58d9c0284bbd7ea812f89ca5259c0b9c04b3e0b8681e7267b1b7d8023b1d5b0d,1951c94a2b08b386eecae8d52107cea80216c52b30d2bced3e1aba9d51ddd0b1
prefix,3,chromium-light-desktop,0,7aa8bad0b12c7d35906fe33e9ccfaa1c2031941f64f96c61dc3d1cf2d80ab389,555a1097b3ed01373d5fe443364eee7684e71dd2f8bf7187f4aba7bd2751f1b5
prefix,3,chromium-dark-desktop,0,f7fd0a03439b8ad760c1604141f67b9d8fa8a0e11e75bddafa32384905a87532,3f01933430cd6b4fdb78c1c42eef8aa0d4b5b239b14622e2bfa804294b8534ef
prefix,4,chromium-light-desktop,0,7aa8bad0b12c7d35906fe33e9ccfaa1c2031941f64f96c61dc3d1cf2d80ab389,bfe6b1e98cddb9ff5e4663c05f69834000b84cc68dd9b353a483950c6b545604
prefix,4,chromium-dark-desktop,0,f7fd0a03439b8ad760c1604141f67b9d8fa8a0e11e75bddafa32384905a87532,3f01933430cd6b4fdb78c1c42eef8aa0d4b5b239b14622e2bfa804294b8534ef
prefix,5,chromium-light-desktop,0,dfda445e9451b1353826010f5e4880e1e590774002fd8f50959e42cd96e60252,70cdf0c9099073e2f2034911c979e0dafbea54960336cf9f6319d1c149615ca7
prefix,5,chromium-dark-desktop,0,f7fd0a03439b8ad760c1604141f67b9d8fa8a0e11e75bddafa32384905a87532,d1390f1221ca254fd70b8bfe7391d1dd6d0e9258de7f7ddcdd5df04a15db2ece
