test,target,kind,sequence,control,mode,run,keys,result,window,handoff,keylog
chromium-dark-desktop › orbit-submenu-sample sub-right-tab burst sample 0,orbit-submenu-sample,submenu,sub-right-tab,sub-right,burst,0,ArrowRight Tab,none | none | @button:Switch theme,1,0,ArrowRight>menuitem:Provider[menu×1|f=menuitem:Provider|h=Provider]@16.8 ; Tab>menuitem:Provider[menu×2|f=menuitem:Provider|h=Codex]@26.6
chromium-dark-desktop › orbit-submenu-sample sub-right-tab burst sample 1,orbit-submenu-sample,submenu,sub-right-tab,sub-right,burst,1,ArrowRight Tab,none | none | @button:Switch theme,1,0,ArrowRight>menuitem:Provider[menu×1|f=menuitem:Provider|h=Provider]@8.9 ; Tab>menuitem:Provider[menu×2|f=menuitem:Provider|h=Codex]@21.8
chromium-dark-desktop › orbit-submenu-sample sub-right-tab burst sample 2,orbit-submenu-sample,submenu,sub-right-tab,sub-right,burst,2,ArrowRight Tab,none | none | @button:Switch theme,1,0,ArrowRight>menuitem:Provider[menu×1|f=menuitem:Provider|h=Provider]@19 ; Tab>menuitem:Provider[menu×2|f=menuitem:Provider|h=Codex]@34.9
chromium-dark-desktop › orbit-submenu-sample sub-right-tab burst sample 3,orbit-submenu-sample,submenu,sub-right-tab,sub-right,burst,3,ArrowRight Tab,none | none | @button:Switch theme,1,0,ArrowRight>menuitem:Provider[menu×1|f=menuitem:Provider|h=Provider]@17.7 ; Tab>menuitem:Provider[menu×2|f=menuitem:Provider|h=Codex]@27.8
chromium-dark-desktop › orbit-submenu-sample sub-right-tab burst sample 4,orbit-submenu-sample,submenu,sub-right-tab,sub-right,burst,4,ArrowRight Tab,none | none | @button:Switch theme,1,0,ArrowRight>menuitem:Provider[menu×1|f=menuitem:Provider|h=Provider]@7.2 ; Tab>menuitem:Provider[menu×2|f=menuitem:Provider|h=Codex]@20.4
chromium-dark-desktop › orbit-submenu-sample sub-right-tab burst sample 5,orbit-submenu-sample,submenu,sub-right-tab,sub-right,burst,5,ArrowRight Tab,none | none | @button:Switch theme,1,0,ArrowRight>menuitem:Provider[menu×1|f=menuitem:Provider|h=Provider]@18.6 ; Tab>menuitem:Provider[menu×2|f=menuitem:Provider|h=Codex]@32.6
chromium-dark-desktop › orbit-submenu-sample sub-right-tab burst sample 6,orbit-submenu-sample,submenu,sub-right-tab,sub-right,burst,6,ArrowRight Tab,none | none | @button:Switch theme,1,0,ArrowRight>menuitem:Provider[menu×1|f=menuitem:Provider|h=Provider]@6.4 ; Tab>menuitem:Provider[menu×2|f=menuitem:Provider|h=Codex]@20.8
chromium-dark-desktop › orbit-submenu-sample sub-right-tab burst sample 7,orbit-submenu-sample,submenu,sub-right-tab,sub-right,burst,7,ArrowRight Tab,none | none | @button:Switch theme,1,0,ArrowRight>menuitem:Provider[menu×1|f=menuitem:Provider|h=Provider]@17.6 ; Tab>menuitem:Provider[menu×2|f=menuitem:Provider|h=Codex]@27.3
chromium-dark-desktop › orbit-submenu-sample sub-right-tab burst sample 8,orbit-submenu-sample,submenu,sub-right-tab,sub-right,burst,8,ArrowRight Tab,none | none | @button:Switch theme,1,0,ArrowRight>menuitem:Provider[menu×1|f=menuitem:Provider|h=Provider]@17.5 ; Tab>menuitem:Provider[menu×2|f=menuitem:Provider|h=Codex]@27.4
chromium-dark-desktop › orbit-submenu-sample sub-right-tab burst sample 9,orbit-submenu-sample,submenu,sub-right-tab,sub-right,burst,9,ArrowRight Tab,none | none | @button:Switch theme,1,0,ArrowRight>menuitem:Provider[menu×1|f=menuitem:Provider|h=Provider]@12.9 ; Tab>menuitem:Provider[menu×2|f=menuitem:Provider|h=Codex]@26.6
chromium-dark-desktop › orbit-submenu-sample sub-right-tab burst sample 10,orbit-submenu-sample,submenu,sub-right-tab,sub-right,burst,10,ArrowRight Tab,none | none | @button:Switch theme,1,0,ArrowRight>menuitem:Provider[menu×1|f=menuitem:Provider|h=Provider]@9.5 ; Tab>menuitem:Provider[menu×2|f=menuitem:Provider|h=Codex]@20.1
chromium-dark-desktop › orbit-submenu-sample sub-right-tab burst sample 11,orbit-submenu-sample,submenu,sub-right-tab,sub-right,burst,11,ArrowRight Tab,none | none | @button:Switch theme,1,0,ArrowRight>menuitem:Provider[menu×1|f=menuitem:Provider|h=Provider]@12.7 ; Tab>menuitem:Provider[menu×2|f=menuitem:Provider|h=Codex]@23.1
chromium-dark-desktop › orbit-submenu-sample sub-right-tab burst sample 12,orbit-submenu-sample,submenu,sub-right-tab,sub-right,burst,12,ArrowRight Tab,none | none | @button:Switch theme,1,0,ArrowRight>menuitem:Provider[menu×1|f=menuitem:Provider|h=Provider]@13.3 ; Tab>menuitem:Provider[menu×2|f=menuitem:Provider|h=Codex]@23.3
chromium-dark-desktop › orbit-submenu-sample sub-right-tab burst sample 13,orbit-submenu-sample,submenu,sub-right-tab,sub-right,burst,13,ArrowRight Tab,none | none | @button:Switch theme,1,0,ArrowRight>menuitem:Provider[menu×1|f=menuitem:Provider|h=Provider]@15.3 ; Tab>menuitem:Provider[menu×2|f=menuitem:Provider|h=Codex]@28.8
chromium-dark-desktop › orbit-submenu-sample sub-right-tab burst sample 14,orbit-submenu-sample,submenu,sub-right-tab,sub-right,burst,14,ArrowRight Tab,none | none | @button:Switch theme,1,0,ArrowRight>menuitem:Provider[menu×1|f=menuitem:Provider|h=Provider]@9.4 ; Tab>menuitem:Provider[menu×2|f=menuitem:Provider|h=Codex]@23.5
chromium-dark-desktop › orbit-submenu-sample sub-right-tab burst sample 15,orbit-submenu-sample,submenu,sub-right-tab,sub-right,burst,15,ArrowRight Tab,none | none | @button:Switch theme,1,0,ArrowRight>menuitem:Provider[menu×1|f=menuitem:Provider|h=Provider]@13 ; Tab>menuitem:Provider[menu×2|f=menuitem:Provider|h=Codex]@23.1
chromium-dark-desktop › orbit-submenu-sample sub-right-tab burst sample 16,orbit-submenu-sample,submenu,sub-right-tab,sub-right,burst,16,ArrowRight Tab,none | none | @button:Switch theme,1,0,ArrowRight>menuitem:Provider[menu×1|f=menuitem:Provider|h=Provider]@23.2 ; Tab>menuitem:Provider[menu×2|f=menuitem:Provider|h=Codex]@39.2
chromium-dark-desktop › orbit-submenu-sample sub-right-tab burst sample 17,orbit-submenu-sample,submenu,sub-right-tab,sub-right,burst,17,ArrowRight Tab,none | none | @button:Switch theme,1,0,ArrowRight>menuitem:Provider[menu×1|f=menuitem:Provider|h=Provider]@7.3 ; Tab>menuitem:Provider[menu×2|f=menuitem:Provider|h=Codex]@20.3
chromium-dark-desktop › orbit-submenu-sample sub-right-tab burst sample 18,orbit-submenu-sample,submenu,sub-right-tab,sub-right,burst,18,ArrowRight Tab,none | none | @button:Switch theme,1,0,ArrowRight>menuitem:Provider[menu×1|f=menuitem:Provider|h=Provider]@5.3 ; Tab>menuitem:Provider[menu×2|f=menuitem:Provider|h=Codex]@15.1
chromium-dark-desktop › orbit-submenu-sample sub-right-tab burst sample 19,orbit-submenu-sample,submenu,sub-right-tab,sub-right,burst,19,ArrowRight Tab,none | none | @button:Switch theme,1,0,ArrowRight>menuitem:Provider[menu×1|f=menuitem:Provider|h=Provider]@5.1 ; Tab>menuitem:Provider[menu×2|f=menuitem:Provider|h=Codex]@14.7
chromium-dark-desktop › orbit-submenu-sample sub-right-tab paced sample 0,orbit-submenu-sample,submenu,sub-right-tab,sub-right,paced,0,ArrowRight Tab,none | none | @button:Switch theme,0,0,ArrowRight>menuitem:Provider[menu×1|f=menuitem:Provider|h=Provider]@13.6 ; Tab>menuitem:Codex[menu×2|f=menuitem:Codex|h=Codex]@339.4
chromium-dark-desktop › orbit-submenu-sample sub-right-tab paced sample 1,orbit-submenu-sample,submenu,sub-right-tab,sub-right,paced,1,ArrowRight Tab,none | none | @button:Switch theme,0,0,ArrowRight>menuitem:Provider[menu×1|f=menuitem:Provider|h=Provider]@5.5 ; Tab>menuitem:Codex[menu×2|f=menuitem:Codex|h=Codex]@320.4
chromium-dark-desktop › orbit-submenu-sample sub-right-tab paced sample 2,orbit-submenu-sample,submenu,sub-right-tab,sub-right,paced,2,ArrowRight Tab,none | none | @button:Switch theme,0,0,ArrowRight>menuitem:Provider[menu×1|f=menuitem:Provider|h=Provider]@11.4 ; Tab>menuitem:Codex[menu×2|f=menuitem:Codex|h=Codex]@326.3
chromium-dark-desktop › orbit-submenu-sample sub-right-tab paced sample 3,orbit-submenu-sample,submenu,sub-right-tab,sub-right,paced,3,ArrowRight Tab,none | none | @button:Switch theme,0,0,ArrowRight>menuitem:Provider[menu×1|f=menuitem:Provider|h=Provider]@10.2 ; Tab>menuitem:Codex[menu×2|f=menuitem:Codex|h=Codex]@332.2
chromium-dark-desktop › orbit-submenu-sample sub-right-tab paced sample 4,orbit-submenu-sample,submenu,sub-right-tab,sub-right,paced,4,ArrowRight Tab,none | none | @button:Switch theme,0,0,ArrowRight>menuitem:Provider[menu×1|f=menuitem:Provider|h=Provider]@15 ; Tab>menuitem:Codex[menu×2|f=menuitem:Codex|h=Codex]@330.4
chromium-dark-desktop › orbit-submenu-sample sub-right-tab paced sample 5,orbit-submenu-sample,submenu,sub-right-tab,sub-right,paced,5,ArrowRight Tab,none | none | @button:Switch theme,0,0,ArrowRight>menuitem:Provider[menu×1|f=menuitem:Provider|h=Provider]@3.2 ; Tab>menuitem:Codex[menu×2|f=menuitem:Codex|h=Codex]@316.6
chromium-dark-desktop › orbit-submenu-sample sub-right-tab paced sample 6,orbit-submenu-sample,submenu,sub-right-tab,sub-right,paced,6,ArrowRight Tab,none | none | @button:Switch theme,0,0,ArrowRight>menuitem:Provider[menu×1|f=menuitem:Provider|h=Provider]@5.9 ; Tab>menuitem:Codex[menu×2|f=menuitem:Codex|h=Codex]@319.6
chromium-dark-desktop › orbit-submenu-sample sub-right-tab paced sample 7,orbit-submenu-sample,submenu,sub-right-tab,sub-right,paced,7,ArrowRight Tab,none | none | @button:Switch theme,0,0,ArrowRight>menuitem:Provider[menu×1|f=menuitem:Provider|h=Provider]@10.5 ; Tab>menuitem:Codex[menu×2|f=menuitem:Codex|h=Codex]@323.9
chromium-dark-desktop › orbit-submenu-sample sub-right-tab paced sample 8,orbit-submenu-sample,submenu,sub-right-tab,sub-right,paced,8,ArrowRight Tab,none | none | @button:Switch theme,0,0,ArrowRight>menuitem:Provider[menu×1|f=menuitem:Provider|h=Provider]@16.6 ; Tab>menuitem:Codex[menu×2|f=menuitem:Codex|h=Codex]@333.4
chromium-dark-desktop › orbit-submenu-sample sub-right-tab paced sample 9,orbit-submenu-sample,submenu,sub-right-tab,sub-right,paced,9,ArrowRight Tab,none | none | @button:Switch theme,0,0,ArrowRight>menuitem:Provider[menu×1|f=menuitem:Provider|h=Provider]@7 ; Tab>menuitem:Codex[menu×2|f=menuitem:Codex|h=Codex]@321.2
chromium-dark-desktop › orbit-submenu-sample sub-right-tab paced sample 10,orbit-submenu-sample,submenu,sub-right-tab,sub-right,paced,10,ArrowRight Tab,none | none | @button:Switch theme,0,0,ArrowRight>menuitem:Provider[menu×1|f=menuitem:Provider|h=Provider]@16.2 ; Tab>menuitem:Codex[menu×2|f=menuitem:Codex|h=Codex]@336.7
chromium-dark-desktop › orbit-submenu-sample sub-right-tab paced sample 11,orbit-submenu-sample,submenu,sub-right-tab,sub-right,paced,11,ArrowRight Tab,none | none | @button:Switch theme,0,0,ArrowRight>menuitem:Provider[menu×1|f=menuitem:Provider|h=Provider]@9.1 ; Tab>menuitem:Codex[menu×2|f=menuitem:Codex|h=Codex]@324.2
chromium-dark-desktop › orbit-submenu-sample sub-right-tab paced sample 12,orbit-submenu-sample,submenu,sub-right-tab,sub-right,paced,12,ArrowRight Tab,none | none | @button:Switch theme,0,0,ArrowRight>menuitem:Provider[menu×1|f=menuitem:Provider|h=Provider]@11.3 ; Tab>menuitem:Codex[menu×2|f=menuitem:Codex|h=Codex]@334.1
chromium-dark-desktop › orbit-submenu-sample sub-right-tab paced sample 13,orbit-submenu-sample,submenu,sub-right-tab,sub-right,paced,13,ArrowRight Tab,none | none | @button:Switch theme,0,0,ArrowRight>menuitem:Provider[menu×1|f=menuitem:Provider|h=Provider]@7.8 ; Tab>menuitem:Codex[menu×2|f=menuitem:Codex|h=Codex]@331.3
chromium-dark-desktop › orbit-submenu-sample sub-right-tab paced sample 14,orbit-submenu-sample,submenu,sub-right-tab,sub-right,paced,14,ArrowRight Tab,none | none | @button:Switch theme,0,0,ArrowRight>menuitem:Provider[menu×1|f=menuitem:Provider|h=Provider]@9.3 ; Tab>menuitem:Codex[menu×2|f=menuitem:Codex|h=Codex]@326.6
chromium-dark-desktop › orbit-submenu-sample sub-right-tab paced sample 15,orbit-submenu-sample,submenu,sub-right-tab,sub-right,paced,15,ArrowRight Tab,none | none | @button:Switch theme,0,0,ArrowRight>menuitem:Provider[menu×1|f=menuitem:Provider|h=Provider]@10.6 ; Tab>menuitem:Codex[menu×2|f=menuitem:Codex|h=Codex]@327.7
chromium-dark-desktop › orbit-submenu-sample sub-right-tab paced sample 16,orbit-submenu-sample,submenu,sub-right-tab,sub-right,paced,16,ArrowRight Tab,none | none | @button:Switch theme,0,0,ArrowRight>menuitem:Provider[menu×1|f=menuitem:Provider|h=Provider]@18.2 ; Tab>menuitem:Codex[menu×2|f=menuitem:Codex|h=Codex]@342.1
chromium-dark-desktop › orbit-submenu-sample sub-right-tab paced sample 17,orbit-submenu-sample,submenu,sub-right-tab,sub-right,paced,17,ArrowRight Tab,none | none | @button:Switch theme,0,0,ArrowRight>menuitem:Provider[menu×1|f=menuitem:Provider|h=Provider]@8.7 ; Tab>menuitem:Codex[menu×2|f=menuitem:Codex|h=Codex]@326.6
chromium-dark-desktop › orbit-submenu-sample sub-right-tab paced sample 18,orbit-submenu-sample,submenu,sub-right-tab,sub-right,paced,18,ArrowRight Tab,none | none | @button:Switch theme,0,0,ArrowRight>menuitem:Provider[menu×1|f=menuitem:Provider|h=Provider]@7.1 ; Tab>menuitem:Codex[menu×2|f=menuitem:Codex|h=Codex]@321.4
chromium-dark-desktop › orbit-submenu-sample sub-right-tab paced sample 19,orbit-submenu-sample,submenu,sub-right-tab,sub-right,paced,19,ArrowRight Tab,none | none | @button:Switch theme,0,0,ArrowRight>menuitem:Provider[menu×1|f=menuitem:Provider|h=Provider]@7.7 ; Tab>menuitem:Codex[menu×2|f=menuitem:Codex|h=Codex]@322.1
chromium-dark-desktop › orbit-submenu-sample sub-right-shift-tab burst sample 0,orbit-submenu-sample,submenu,sub-right-shift-tab,sub-right,burst,0,ArrowRight Shift+Tab,none | menu×1 | @menuitem:Provider,1,1,ArrowRight>menuitem:Provider[menu×1|f=menuitem:Provider|h=Provider]@9.3 ; Shift+Tab>menuitem:Provider[menu×2|f=menuitem:Provider|h=Codex]@19.3 ; Shift+Tab*>menuitem:Codex[menu×2|f=menuitem:Provider|h=Codex]@19.3
chromium-dark-desktop › orbit-submenu-sample sub-right-shift-tab burst sample 1,orbit-submenu-sample,submenu,sub-right-shift-tab,sub-right,burst,1,ArrowRight Shift+Tab,none | menu×1 | @menuitem:Provider,1,1,ArrowRight>menuitem:Provider[menu×1|f=menuitem:Provider|h=Provider]@7.1 ; Shift+Tab>menuitem:Provider[menu×2|f=menuitem:Provider|h=Codex]@17.4 ; Shift+Tab*>menuitem:Codex[menu×2|f=menuitem:Provider|h=Codex]@17.4
chromium-dark-desktop › orbit-submenu-sample sub-right-shift-tab burst sample 2,orbit-submenu-sample,submenu,sub-right-shift-tab,sub-right,burst,2,ArrowRight Shift+Tab,none | menu×1 | @menuitem:Provider,1,1,ArrowRight>menuitem:Provider[menu×1|f=menuitem:Provider|h=Provider]@19.8 ; Shift+Tab>menuitem:Provider[menu×2|f=menuitem:Provider|h=Codex]@29.7 ; Shift+Tab*>menuitem:Codex[menu×2|f=menuitem:Provider|h=Codex]@29.8
chromium-dark-desktop › orbit-submenu-sample sub-right-shift-tab burst sample 3,orbit-submenu-sample,submenu,sub-right-shift-tab,sub-right,burst,3,ArrowRight Shift+Tab,none | menu×1 | @menuitem:Provider,1,1,ArrowRight>menuitem:Provider[menu×1|f=menuitem:Provider|h=Provider]@10.5 ; Shift+Tab>menuitem:Provider[menu×2|f=menuitem:Provider|h=Codex]@20.9 ; Shift+Tab*>menuitem:Codex[menu×2|f=menuitem:Provider|h=Codex]@21
chromium-dark-desktop › orbit-submenu-sample sub-right-shift-tab burst sample 4,orbit-submenu-sample,submenu,sub-right-shift-tab,sub-right,burst,4,ArrowRight Shift+Tab,none | menu×1 | @menuitem:Provider,1,1,ArrowRight>menuitem:Provider[menu×1|f=menuitem:Provider|h=Provider]@11.3 ; Shift+Tab>menuitem:Provider[menu×2|f=menuitem:Provider|h=Codex]@25.7 ; Shift+Tab*>menuitem:Codex[menu×2|f=menuitem:Provider|h=Codex]@25.7
chromium-dark-desktop › orbit-submenu-sample sub-right-shift-tab burst sample 5,orbit-submenu-sample,submenu,sub-right-shift-tab,sub-right,burst,5,ArrowRight Shift+Tab,none | menu×1 | @menuitem:Provider,1,1,ArrowRight>menuitem:Provider[menu×1|f=menuitem:Provider|h=Provider]@9.6 ; Shift+Tab>menuitem:Provider[menu×2|f=menuitem:Provider|h=Codex]@19.6 ; Shift+Tab*>menuitem:Codex[menu×2|f=menuitem:Provider|h=Codex]@19.6
chromium-dark-desktop › orbit-submenu-sample sub-right-shift-tab burst sample 6,orbit-submenu-sample,submenu,sub-right-shift-tab,sub-right,burst,6,ArrowRight Shift+Tab,none | menu×1 | @menuitem:Provider,1,1,ArrowRight>menuitem:Provider[menu×1|f=menuitem:Provider|h=Provider]@6.1 ; Shift+Tab>menuitem:Provider[menu×2|f=menuitem:Provider|h=Codex]@20.3 ; Shift+Tab*>menuitem:Codex[menu×2|f=menuitem:Provider|h=Codex]@20.3
chromium-dark-desktop › orbit-submenu-sample sub-right-shift-tab burst sample 7,orbit-submenu-sample,submenu,sub-right-shift-tab,sub-right,burst,7,ArrowRight Shift+Tab,none | menu×1 | @menuitem:Provider,1,1,ArrowRight>menuitem:Provider[menu×1|f=menuitem:Provider|h=Provider]@6.8 ; Shift+Tab>menuitem:Provider[menu×2|f=menuitem:Provider|h=Codex]@21.3 ; Shift+Tab*>menuitem:Codex[menu×2|f=menuitem:Provider|h=Codex]@21.4
chromium-dark-desktop › orbit-submenu-sample sub-right-shift-tab burst sample 8,orbit-submenu-sample,submenu,sub-right-shift-tab,sub-right,burst,8,ArrowRight Shift+Tab,none | menu×1 | @menuitem:Provider,1,1,ArrowRight>menuitem:Provider[menu×1|f=menuitem:Provider|h=Provider]@12.1 ; Shift+Tab>menuitem:Provider[menu×2|f=menuitem:Provider|h=Codex]@25.8 ; Shift+Tab*>menuitem:Codex[menu×2|f=menuitem:Provider|h=Codex]@25.8
chromium-dark-desktop › orbit-submenu-sample sub-right-shift-tab burst sample 9,orbit-submenu-sample,submenu,sub-right-shift-tab,sub-right,burst,9,ArrowRight Shift+Tab,none | menu×1 | @menuitem:Provider,1,1,ArrowRight>menuitem:Provider[menu×1|f=menuitem:Provider|h=Provider]@19.1 ; Shift+Tab>menuitem:Provider[menu×2|f=menuitem:Provider|h=Codex]@29.4 ; Shift+Tab*>menuitem:Codex[menu×2|f=menuitem:Provider|h=Codex]@29.5
chromium-dark-desktop › orbit-submenu-sample sub-right-shift-tab burst sample 10,orbit-submenu-sample,submenu,sub-right-shift-tab,sub-right,burst,10,ArrowRight Shift+Tab,none | menu×1 | @menuitem:Provider,1,1,ArrowRight>menuitem:Provider[menu×1|f=menuitem:Provider|h=Provider]@15.4 ; Shift+Tab>menuitem:Provider[menu×2|f=menuitem:Provider|h=Codex]@29.4 ; Shift+Tab*>menuitem:Codex[menu×2|f=menuitem:Provider|h=Codex]@29.5
chromium-dark-desktop › orbit-submenu-sample sub-right-shift-tab burst sample 11,orbit-submenu-sample,submenu,sub-right-shift-tab,sub-right,burst,11,ArrowRight Shift+Tab,none | menu×1 | @menuitem:Provider,1,1,ArrowRight>menuitem:Provider[menu×1|f=menuitem:Provider|h=Provider]@15.7 ; Shift+Tab>menuitem:Provider[menu×2|f=menuitem:Provider|h=Codex]@26.4 ; Shift+Tab*>menuitem:Codex[menu×2|f=menuitem:Provider|h=Codex]@26.5
chromium-dark-desktop › orbit-submenu-sample sub-right-shift-tab burst sample 12,orbit-submenu-sample,submenu,sub-right-shift-tab,sub-right,burst,12,ArrowRight Shift+Tab,none | menu×1 | @menuitem:Provider,1,1,ArrowRight>menuitem:Provider[menu×1|f=menuitem:Provider|h=Provider]@13.4 ; Shift+Tab>menuitem:Provider[menu×2|f=menuitem:Provider|h=Codex]@23.6 ; Shift+Tab*>menuitem:Codex[menu×2|f=menuitem:Provider|h=Codex]@23.6
chromium-dark-desktop › orbit-submenu-sample sub-right-shift-tab burst sample 13,orbit-submenu-sample,submenu,sub-right-shift-tab,sub-right,burst,13,ArrowRight Shift+Tab,none | menu×1 | @menuitem:Provider,1,1,ArrowRight>menuitem:Provider[menu×1|f=menuitem:Provider|h=Provider]@7.8 ; Shift+Tab>menuitem:Provider[menu×2|f=menuitem:Provider|h=Codex]@18.1 ; Shift+Tab*>menuitem:Codex[menu×2|f=menuitem:Provider|h=Codex]@18.1
chromium-dark-desktop › orbit-submenu-sample sub-right-shift-tab burst sample 14,orbit-submenu-sample,submenu,sub-right-shift-tab,sub-right,burst,14,ArrowRight Shift+Tab,none | menu×1 | @menuitem:Provider,1,1,ArrowRight>menuitem:Provider[menu×1|f=menuitem:Provider|h=Provider]@10.7 ; Shift+Tab>menuitem:Provider[menu×2|f=menuitem:Provider|h=Codex]@20.8 ; Shift+Tab*>menuitem:Codex[menu×2|f=menuitem:Provider|h=Codex]@20.9
chromium-dark-desktop › orbit-submenu-sample sub-right-shift-tab burst sample 15,orbit-submenu-sample,submenu,sub-right-shift-tab,sub-right,burst,15,ArrowRight Shift+Tab,none | menu×1 | @menuitem:Provider,1,1,ArrowRight>menuitem:Provider[menu×1|f=menuitem:Provider|h=Provider]@3.9 ; Shift+Tab>menuitem:Provider[menu×2|f=menuitem:Provider|h=Codex]@13.9 ; Shift+Tab*>menuitem:Codex[menu×2|f=menuitem:Provider|h=Codex]@14
chromium-dark-desktop › orbit-submenu-sample sub-right-shift-tab burst sample 16,orbit-submenu-sample,submenu,sub-right-shift-tab,sub-right,burst,16,ArrowRight Shift+Tab,none | menu×1 | @menuitem:Provider,1,1,ArrowRight>menuitem:Provider[menu×1|f=menuitem:Provider|h=Provider]@2.6 ; Shift+Tab>menuitem:Provider[menu×2|f=menuitem:Provider|h=Codex]@12.8 ; Shift+Tab*>menuitem:Codex[menu×2|f=menuitem:Provider|h=Codex]@13
chromium-dark-desktop › orbit-submenu-sample sub-right-shift-tab burst sample 17,orbit-submenu-sample,submenu,sub-right-shift-tab,sub-right,burst,17,ArrowRight Shift+Tab,none | menu×1 | @menuitem:Provider,1,1,ArrowRight>menuitem:Provider[menu×1|f=menuitem:Provider|h=Provider]@13.8 ; Shift+Tab>menuitem:Provider[menu×2|f=menuitem:Provider|h=Codex]@27.6 ; Shift+Tab*>menuitem:Codex[menu×2|f=menuitem:Provider|h=Codex]@27.7
chromium-dark-desktop › orbit-submenu-sample sub-right-shift-tab burst sample 18,orbit-submenu-sample,submenu,sub-right-shift-tab,sub-right,burst,18,ArrowRight Shift+Tab,none | menu×1 | @menuitem:Provider,1,1,ArrowRight>menuitem:Provider[menu×1|f=menuitem:Provider|h=Provider]@14.7 ; Shift+Tab>menuitem:Provider[menu×2|f=menuitem:Provider|h=Codex]@28.7 ; Shift+Tab*>menuitem:Codex[menu×2|f=menuitem:Provider|h=Codex]@28.8
chromium-dark-desktop › orbit-submenu-sample sub-right-shift-tab burst sample 19,orbit-submenu-sample,submenu,sub-right-shift-tab,sub-right,burst,19,ArrowRight Shift+Tab,none | menu×1 | @menuitem:Provider,1,1,ArrowRight>menuitem:Provider[menu×1|f=menuitem:Provider|h=Provider]@3.7 ; Shift+Tab>menuitem:Provider[menu×2|f=menuitem:Provider|h=Codex]@17.2 ; Shift+Tab*>menuitem:Codex[menu×2|f=menuitem:Provider|h=Codex]@17.3
chromium-dark-desktop › orbit-submenu-sample sub-right-shift-tab paced sample 0,orbit-submenu-sample,submenu,sub-right-shift-tab,sub-right,paced,0,ArrowRight Shift+Tab,none | menu×1 | @menuitem:Provider,0,0,ArrowRight>menuitem:Provider[menu×1|f=menuitem:Provider|h=Provider]@12.6 ; Shift+Tab>menuitem:Codex[menu×2|f=menuitem:Codex|h=Codex]@331.4
chromium-dark-desktop › orbit-submenu-sample sub-right-shift-tab paced sample 1,orbit-submenu-sample,submenu,sub-right-shift-tab,sub-right,paced,1,ArrowRight Shift+Tab,none | menu×1 | @menuitem:Provider,0,0,ArrowRight>menuitem:Provider[menu×1|f=menuitem:Provider|h=Provider]@18.6 ; Shift+Tab>menuitem:Codex[menu×2|f=menuitem:Codex|h=Codex]@338.7
chromium-dark-desktop › orbit-submenu-sample sub-right-shift-tab paced sample 2,orbit-submenu-sample,submenu,sub-right-shift-tab,sub-right,paced,2,ArrowRight Shift+Tab,none | menu×1 | @menuitem:Provider,0,0,ArrowRight>menuitem:Provider[menu×1|f=menuitem:Provider|h=Provider]@10.6 ; Shift+Tab>menuitem:Codex[menu×2|f=menuitem:Codex|h=Codex]@333.6
chromium-dark-desktop › orbit-submenu-sample sub-right-shift-tab paced sample 3,orbit-submenu-sample,submenu,sub-right-shift-tab,sub-right,paced,3,ArrowRight Shift+Tab,none | menu×1 | @menuitem:Provider,0,0,ArrowRight>menuitem:Provider[menu×1|f=menuitem:Provider|h=Provider]@7.9 ; Shift+Tab>menuitem:Codex[menu×2|f=menuitem:Codex|h=Codex]@324.9
chromium-dark-desktop › orbit-submenu-sample sub-right-shift-tab paced sample 4,orbit-submenu-sample,submenu,sub-right-shift-tab,sub-right,paced,4,ArrowRight Shift+Tab,none | menu×1 | @menuitem:Provider,0,0,ArrowRight>menuitem:Provider[menu×1|f=menuitem:Provider|h=Provider]@14.9 ; Shift+Tab>menuitem:Codex[menu×2|f=menuitem:Codex|h=Codex]@329
chromium-dark-desktop › orbit-submenu-sample sub-right-shift-tab paced sample 5,orbit-submenu-sample,submenu,sub-right-shift-tab,sub-right,paced,5,ArrowRight Shift+Tab,none | menu×1 | @menuitem:Provider,0,0,ArrowRight>menuitem:Provider[menu×1|f=menuitem:Provider|h=Provider]@11 ; Shift+Tab>menuitem:Codex[menu×2|f=menuitem:Codex|h=Codex]@325.3
chromium-dark-desktop › orbit-submenu-sample sub-right-shift-tab paced sample 6,orbit-submenu-sample,submenu,sub-right-shift-tab,sub-right,paced,6,ArrowRight Shift+Tab,none | menu×1 | @menuitem:Provider,0,0,ArrowRight>menuitem:Provider[menu×1|f=menuitem:Provider|h=Provider]@8.5 ; Shift+Tab>menuitem:Codex[menu×2|f=menuitem:Codex|h=Codex]@326.5
chromium-dark-desktop › orbit-submenu-sample sub-right-shift-tab paced sample 7,orbit-submenu-sample,submenu,sub-right-shift-tab,sub-right,paced,7,ArrowRight Shift+Tab,none | menu×1 | @menuitem:Provider,0,0,ArrowRight>menuitem:Provider[menu×1|f=menuitem:Provider|h=Provider]@7.8 ; Shift+Tab>menuitem:Codex[menu×2|f=menuitem:Codex|h=Codex]@322.3
chromium-dark-desktop › orbit-submenu-sample sub-right-shift-tab paced sample 8,orbit-submenu-sample,submenu,sub-right-shift-tab,sub-right,paced,8,ArrowRight Shift+Tab,none | menu×1 | @menuitem:Provider,0,0,ArrowRight>menuitem:Provider[menu×1|f=menuitem:Provider|h=Provider]@19.8 ; Shift+Tab>menuitem:Codex[menu×2|f=menuitem:Codex|h=Codex]@341.5
chromium-dark-desktop › orbit-submenu-sample sub-right-shift-tab paced sample 9,orbit-submenu-sample,submenu,sub-right-shift-tab,sub-right,paced,9,ArrowRight Shift+Tab,none | menu×1 | @menuitem:Provider,0,0,ArrowRight>menuitem:Provider[menu×1|f=menuitem:Provider|h=Provider]@19.1 ; Shift+Tab>menuitem:Codex[menu×2|f=menuitem:Codex|h=Codex]@333.8
chromium-dark-desktop › orbit-submenu-sample sub-right-shift-tab paced sample 10,orbit-submenu-sample,submenu,sub-right-shift-tab,sub-right,paced,10,ArrowRight Shift+Tab,none | menu×1 | @menuitem:Provider,0,0,ArrowRight>menuitem:Provider[menu×1|f=menuitem:Provider|h=Provider]@7.8 ; Shift+Tab>menuitem:Codex[menu×2|f=menuitem:Codex|h=Codex]@322.3
chromium-dark-desktop › orbit-submenu-sample sub-right-shift-tab paced sample 11,orbit-submenu-sample,submenu,sub-right-shift-tab,sub-right,paced,11,ArrowRight Shift+Tab,none | menu×1 | @menuitem:Provider,0,0,ArrowRight>menuitem:Provider[menu×1|f=menuitem:Provider|h=Provider]@8.4 ; Shift+Tab>menuitem:Codex[menu×2|f=menuitem:Codex|h=Codex]@322.2
chromium-dark-desktop › orbit-submenu-sample sub-right-shift-tab paced sample 12,orbit-submenu-sample,submenu,sub-right-shift-tab,sub-right,paced,12,ArrowRight Shift+Tab,none | menu×1 | @menuitem:Provider,0,0,ArrowRight>menuitem:Provider[menu×1|f=menuitem:Provider|h=Provider]@14.8 ; Shift+Tab>menuitem:Codex[menu×2|f=menuitem:Codex|h=Codex]@329.8
chromium-dark-desktop › orbit-submenu-sample sub-right-shift-tab paced sample 13,orbit-submenu-sample,submenu,sub-right-shift-tab,sub-right,paced,13,ArrowRight Shift+Tab,none | menu×1 | @menuitem:Provider,0,0,ArrowRight>menuitem:Provider[menu×1|f=menuitem:Provider|h=Provider]@12.3 ; Shift+Tab>menuitem:Codex[menu×2|f=menuitem:Codex|h=Codex]@336.2
chromium-dark-desktop › orbit-submenu-sample sub-right-shift-tab paced sample 14,orbit-submenu-sample,submenu,sub-right-shift-tab,sub-right,paced,14,ArrowRight Shift+Tab,none | menu×1 | @menuitem:Provider,0,0,ArrowRight>menuitem:Provider[menu×1|f=menuitem:Provider|h=Provider]@17.3 ; Shift+Tab>menuitem:Codex[menu×2|f=menuitem:Codex|h=Codex]@335.6
chromium-dark-desktop › orbit-submenu-sample sub-right-shift-tab paced sample 15,orbit-submenu-sample,submenu,sub-right-shift-tab,sub-right,paced,15,ArrowRight Shift+Tab,none | menu×1 | @menuitem:Provider,0,0,ArrowRight>menuitem:Provider[menu×1|f=menuitem:Provider|h=Provider]@14.8 ; Shift+Tab>menuitem:Codex[menu×2|f=menuitem:Codex|h=Codex]@334
chromium-dark-desktop › orbit-submenu-sample sub-right-shift-tab paced sample 16,orbit-submenu-sample,submenu,sub-right-shift-tab,sub-right,paced,16,ArrowRight Shift+Tab,none | menu×1 | @menuitem:Provider,0,0,ArrowRight>menuitem:Provider[menu×1|f=menuitem:Provider|h=Provider]@9.9 ; Shift+Tab>menuitem:Codex[menu×2|f=menuitem:Codex|h=Codex]@327.5
chromium-dark-desktop › orbit-submenu-sample sub-right-shift-tab paced sample 17,orbit-submenu-sample,submenu,sub-right-shift-tab,sub-right,paced,17,ArrowRight Shift+Tab,none | menu×1 | @menuitem:Provider,0,0,ArrowRight>menuitem:Provider[menu×1|f=menuitem:Provider|h=Provider]@14.7 ; Shift+Tab>menuitem:Codex[menu×2|f=menuitem:Codex|h=Codex]@334.6
chromium-dark-desktop › orbit-submenu-sample sub-right-shift-tab paced sample 18,orbit-submenu-sample,submenu,sub-right-shift-tab,sub-right,paced,18,ArrowRight Shift+Tab,none | menu×1 | @menuitem:Provider,0,0,ArrowRight>menuitem:Provider[menu×1|f=menuitem:Provider|h=Provider]@9.1 ; Shift+Tab>menuitem:Codex[menu×2|f=menuitem:Codex|h=Codex]@328.6
chromium-dark-desktop › orbit-submenu-sample sub-right-shift-tab paced sample 19,orbit-submenu-sample,submenu,sub-right-shift-tab,sub-right,paced,19,ArrowRight Shift+Tab,none | menu×1 | @menuitem:Provider,0,0,ArrowRight>menuitem:Provider[menu×1|f=menuitem:Provider|h=Provider]@14.5 ; Shift+Tab>menuitem:Codex[menu×2|f=menuitem:Codex|h=Codex]@332.2
chromium-dark-desktop › orbit-submenu-sample sub-enter burst sample 0,orbit-submenu-sample,submenu,sub-enter,,burst,0,Enter,none | menu×2 | @menuitem:Codex,0,0,Enter>menuitem:Provider[menu×1|f=menuitem:Provider|h=Provider]@7
chromium-dark-desktop › orbit-submenu-sample sub-enter burst sample 1,orbit-submenu-sample,submenu,sub-enter,,burst,1,Enter,none | menu×2 | @menuitem:Codex,0,0,Enter>menuitem:Provider[menu×1|f=menuitem:Provider|h=Provider]@12.6
chromium-dark-desktop › orbit-submenu-sample sub-enter burst sample 2,orbit-submenu-sample,submenu,sub-enter,,burst,2,Enter,none | menu×2 | @menuitem:Codex,0,0,Enter>menuitem:Provider[menu×1|f=menuitem:Provider|h=Provider]@14.4
chromium-dark-desktop › orbit-submenu-sample sub-enter burst sample 3,orbit-submenu-sample,submenu,sub-enter,,burst,3,Enter,none | menu×2 | @menuitem:Codex,0,0,Enter>menuitem:Provider[menu×1|f=menuitem:Provider|h=Provider]@6.7
chromium-dark-desktop › orbit-submenu-sample sub-enter burst sample 4,orbit-submenu-sample,submenu,sub-enter,,burst,4,Enter,none | menu×2 | @menuitem:Codex,0,0,Enter>menuitem:Provider[menu×1|f=menuitem:Provider|h=Provider]@9.6
chromium-dark-desktop › orbit-submenu-sample sub-enter burst sample 5,orbit-submenu-sample,submenu,sub-enter,,burst,5,Enter,none | menu×2 | @menuitem:Codex,0,0,Enter>menuitem:Provider[menu×1|f=menuitem:Provider|h=Provider]@12
chromium-dark-desktop › orbit-submenu-sample sub-enter burst sample 6,orbit-submenu-sample,submenu,sub-enter,,burst,6,Enter,none | menu×2 | @menuitem:Codex,0,0,Enter>menuitem:Provider[menu×1|f=menuitem:Provider|h=Provider]@9.4
chromium-dark-desktop › orbit-submenu-sample sub-enter burst sample 7,orbit-submenu-sample,submenu,sub-enter,,burst,7,Enter,none | menu×2 | @menuitem:Codex,0,0,Enter>menuitem:Provider[menu×1|f=menuitem:Provider|h=Provider]@16.4
chromium-dark-desktop › orbit-submenu-sample sub-enter burst sample 8,orbit-submenu-sample,submenu,sub-enter,,burst,8,Enter,none | menu×2 | @menuitem:Codex,0,0,Enter>menuitem:Provider[menu×1|f=menuitem:Provider|h=Provider]@17.2
chromium-dark-desktop › orbit-submenu-sample sub-enter burst sample 9,orbit-submenu-sample,submenu,sub-enter,,burst,9,Enter,none | menu×2 | @menuitem:Codex,0,0,Enter>menuitem:Provider[menu×1|f=menuitem:Provider|h=Provider]@10.9
chromium-dark-desktop › orbit-submenu-sample sub-enter burst sample 10,orbit-submenu-sample,submenu,sub-enter,,burst,10,Enter,none | menu×2 | @menuitem:Codex,0,0,Enter>menuitem:Provider[menu×1|f=menuitem:Provider|h=Provider]@20.2
chromium-dark-desktop › orbit-submenu-sample sub-enter burst sample 11,orbit-submenu-sample,submenu,sub-enter,,burst,11,Enter,none | menu×2 | @menuitem:Codex,0,0,Enter>menuitem:Provider[menu×1|f=menuitem:Provider|h=Provider]@10.4
chromium-dark-desktop › orbit-submenu-sample sub-enter burst sample 12,orbit-submenu-sample,submenu,sub-enter,,burst,12,Enter,none | menu×2 | @menuitem:Codex,0,0,Enter>menuitem:Provider[menu×1|f=menuitem:Provider|h=Provider]@5.5
chromium-dark-desktop › orbit-submenu-sample sub-enter burst sample 13,orbit-submenu-sample,submenu,sub-enter,,burst,13,Enter,none | menu×2 | @menuitem:Codex,0,0,Enter>menuitem:Provider[menu×1|f=menuitem:Provider|h=Provider]@9
chromium-dark-desktop › orbit-submenu-sample sub-enter burst sample 14,orbit-submenu-sample,submenu,sub-enter,,burst,14,Enter,none | menu×2 | @menuitem:Codex,0,0,Enter>menuitem:Provider[menu×1|f=menuitem:Provider|h=Provider]@9.1
chromium-dark-desktop › orbit-submenu-sample sub-enter burst sample 15,orbit-submenu-sample,submenu,sub-enter,,burst,15,Enter,none | menu×2 | @menuitem:Codex,0,0,Enter>menuitem:Provider[menu×1|f=menuitem:Provider|h=Provider]@11.7
chromium-dark-desktop › orbit-submenu-sample sub-enter burst sample 16,orbit-submenu-sample,submenu,sub-enter,,burst,16,Enter,none | menu×2 | @menuitem:Codex,0,0,Enter>menuitem:Provider[menu×1|f=menuitem:Provider|h=Provider]@5.5
chromium-dark-desktop › orbit-submenu-sample sub-enter burst sample 17,orbit-submenu-sample,submenu,sub-enter,,burst,17,Enter,none | menu×2 | @menuitem:Codex,0,0,Enter>menuitem:Provider[menu×1|f=menuitem:Provider|h=Provider]@18.7
chromium-dark-desktop › orbit-submenu-sample sub-enter burst sample 18,orbit-submenu-sample,submenu,sub-enter,,burst,18,Enter,none | menu×2 | @menuitem:Codex,0,0,Enter>menuitem:Provider[menu×1|f=menuitem:Provider|h=Provider]@11.3
chromium-dark-desktop › orbit-submenu-sample sub-enter burst sample 19,orbit-submenu-sample,submenu,sub-enter,,burst,19,Enter,none | menu×2 | @menuitem:Codex,0,0,Enter>menuitem:Provider[menu×1|f=menuitem:Provider|h=Provider]@14.8
chromium-dark-desktop › orbit-submenu-sample sub-enter paced sample 0,orbit-submenu-sample,submenu,sub-enter,,paced,0,Enter,none | menu×2 | @menuitem:Codex,0,0,Enter>menuitem:Provider[menu×1|f=menuitem:Provider|h=Provider]@17.1
chromium-dark-desktop › orbit-submenu-sample sub-enter paced sample 1,orbit-submenu-sample,submenu,sub-enter,,paced,1,Enter,none | menu×2 | @menuitem:Codex,0,0,Enter>menuitem:Provider[menu×1|f=menuitem:Provider|h=Provider]@17.8
chromium-dark-desktop › orbit-submenu-sample sub-enter paced sample 2,orbit-submenu-sample,submenu,sub-enter,,paced,2,Enter,none | menu×2 | @menuitem:Codex,0,0,Enter>menuitem:Provider[menu×1|f=menuitem:Provider|h=Provider]@5.8
chromium-dark-desktop › orbit-submenu-sample sub-enter paced sample 3,orbit-submenu-sample,submenu,sub-enter,,paced,3,Enter,none | menu×2 | @menuitem:Codex,0,0,Enter>menuitem:Provider[menu×1|f=menuitem:Provider|h=Provider]@7.5
chromium-dark-desktop › orbit-submenu-sample sub-enter paced sample 4,orbit-submenu-sample,submenu,sub-enter,,paced,4,Enter,none | menu×2 | @menuitem:Codex,0,0,Enter>menuitem:Provider[menu×1|f=menuitem:Provider|h=Provider]@13.6
chromium-dark-desktop › orbit-submenu-sample sub-enter paced sample 5,orbit-submenu-sample,submenu,sub-enter,,paced,5,Enter,none | menu×2 | @menuitem:Codex,0,0,Enter>menuitem:Provider[menu×1|f=menuitem:Provider|h=Provider]@14.9
chromium-dark-desktop › orbit-submenu-sample sub-enter paced sample 6,orbit-submenu-sample,submenu,sub-enter,,paced,6,Enter,none | menu×2 | @menuitem:Codex,0,0,Enter>menuitem:Provider[menu×1|f=menuitem:Provider|h=Provider]@11.7
chromium-dark-desktop › orbit-submenu-sample sub-enter paced sample 7,orbit-submenu-sample,submenu,sub-enter,,paced,7,Enter,none | menu×2 | @menuitem:Codex,0,0,Enter>menuitem:Provider[menu×1|f=menuitem:Provider|h=Provider]@9.8
chromium-dark-desktop › orbit-submenu-sample sub-enter paced sample 8,orbit-submenu-sample,submenu,sub-enter,,paced,8,Enter,none | menu×2 | @menuitem:Codex,0,0,Enter>menuitem:Provider[menu×1|f=menuitem:Provider|h=Provider]@15.2
chromium-dark-desktop › orbit-submenu-sample sub-enter paced sample 9,orbit-submenu-sample,submenu,sub-enter,,paced,9,Enter,none | menu×2 | @menuitem:Codex,0,0,Enter>menuitem:Provider[menu×1|f=menuitem:Provider|h=Provider]@12.2
chromium-dark-desktop › orbit-submenu-sample sub-enter paced sample 10,orbit-submenu-sample,submenu,sub-enter,,paced,10,Enter,none | menu×2 | @menuitem:Codex,0,0,Enter>menuitem:Provider[menu×1|f=menuitem:Provider|h=Provider]@14.8
chromium-dark-desktop › orbit-submenu-sample sub-enter paced sample 11,orbit-submenu-sample,submenu,sub-enter,,paced,11,Enter,none | menu×2 | @menuitem:Codex,0,0,Enter>menuitem:Provider[menu×1|f=menuitem:Provider|h=Provider]@2.6
chromium-dark-desktop › orbit-submenu-sample sub-enter paced sample 12,orbit-submenu-sample,submenu,sub-enter,,paced,12,Enter,none | menu×2 | @menuitem:Codex,0,0,Enter>menuitem:Provider[menu×1|f=menuitem:Provider|h=Provider]@13.4
chromium-dark-desktop › orbit-submenu-sample sub-enter paced sample 13,orbit-submenu-sample,submenu,sub-enter,,paced,13,Enter,none | menu×2 | @menuitem:Codex,0,0,Enter>menuitem:Provider[menu×1|f=menuitem:Provider|h=Provider]@16.1
chromium-dark-desktop › orbit-submenu-sample sub-enter paced sample 14,orbit-submenu-sample,submenu,sub-enter,,paced,14,Enter,none | menu×2 | @menuitem:Codex,0,0,Enter>menuitem:Provider[menu×1|f=menuitem:Provider|h=Provider]@2.6
chromium-dark-desktop › orbit-submenu-sample sub-enter paced sample 15,orbit-submenu-sample,submenu,sub-enter,,paced,15,Enter,none | menu×2 | @menuitem:Codex,0,0,Enter>menuitem:Provider[menu×1|f=menuitem:Provider|h=Provider]@12.8
chromium-dark-desktop › orbit-submenu-sample sub-enter paced sample 16,orbit-submenu-sample,submenu,sub-enter,,paced,16,Enter,none | menu×2 | @menuitem:Codex,0,0,Enter>menuitem:Provider[menu×1|f=menuitem:Provider|h=Provider]@17.3
chromium-dark-desktop › orbit-submenu-sample sub-enter paced sample 17,orbit-submenu-sample,submenu,sub-enter,,paced,17,Enter,none | menu×2 | @menuitem:Codex,0,0,Enter>menuitem:Provider[menu×1|f=menuitem:Provider|h=Provider]@18.9
chromium-dark-desktop › orbit-submenu-sample sub-enter paced sample 18,orbit-submenu-sample,submenu,sub-enter,,paced,18,Enter,none | menu×2 | @menuitem:Codex,0,0,Enter>menuitem:Provider[menu×1|f=menuitem:Provider|h=Provider]@17.7
chromium-dark-desktop › orbit-submenu-sample sub-enter paced sample 19,orbit-submenu-sample,submenu,sub-enter,,paced,19,Enter,none | menu×2 | @menuitem:Codex,0,0,Enter>menuitem:Provider[menu×1|f=menuitem:Provider|h=Provider]@3.4
chromium-dark-desktop › orbit-submenu-sample sub-enter-enter burst sample 0,orbit-submenu-sample,submenu,sub-enter-enter,sub-enter,burst,0,Enter Enter,ran Codex | none | @button:Add attachment,1,1,Enter>menuitem:Provider[menu×1|f=menuitem:Provider|h=Provider]@13.3 ; Enter>menuitem:Provider[menu×2|f=menuitem:Provider|h=Codex]@27.1 ; Enter*>menuitem:Codex[menu×2|f=menuitem:Codex|h=Codex]@27.7
chromium-dark-desktop › orbit-submenu-sample sub-enter-enter burst sample 1,orbit-submenu-sample,submenu,sub-enter-enter,sub-enter,burst,1,Enter Enter,ran Codex | none | @button:Add attachment,1,1,Enter>menuitem:Provider[menu×1|f=menuitem:Provider|h=Provider]@15.1 ; Enter>menuitem:Provider[menu×2|f=menuitem:Provider|h=Codex]@29.2 ; Enter*>menuitem:Codex[menu×2|f=menuitem:Codex|h=Codex]@29.8
chromium-dark-desktop › orbit-submenu-sample sub-enter-enter burst sample 2,orbit-submenu-sample,submenu,sub-enter-enter,sub-enter,burst,2,Enter Enter,ran Codex | none | @button:Add attachment,1,1,Enter>menuitem:Provider[menu×1|f=menuitem:Provider|h=Provider]@18.1 ; Enter>menuitem:Provider[menu×2|f=menuitem:Provider|h=Codex]@28.1 ; Enter*>menuitem:Codex[menu×2|f=menuitem:Codex|h=Codex]@28.5
chromium-dark-desktop › orbit-submenu-sample sub-enter-enter burst sample 3,orbit-submenu-sample,submenu,sub-enter-enter,sub-enter,burst,3,Enter Enter,ran Codex | none | @button:Add attachment,1,1,Enter>menuitem:Provider[menu×1|f=menuitem:Provider|h=Provider]@18.4 ; Enter>menuitem:Provider[menu×2|f=menuitem:Provider|h=Codex]@28.5 ; Enter*>menuitem:Codex[menu×2|f=menuitem:Codex|h=Codex]@28.9
chromium-dark-desktop › orbit-submenu-sample sub-enter-enter burst sample 4,orbit-submenu-sample,submenu,sub-enter-enter,sub-enter,burst,4,Enter Enter,ran Codex | none | @button:Add attachment,1,1,Enter>menuitem:Provider[menu×1|f=menuitem:Provider|h=Provider]@19 ; Enter>menuitem:Provider[menu×2|f=menuitem:Provider|h=Codex]@29.5 ; Enter*>menuitem:Codex[menu×2|f=menuitem:Codex|h=Codex]@29.9
chromium-dark-desktop › orbit-submenu-sample sub-enter-enter burst sample 5,orbit-submenu-sample,submenu,sub-enter-enter,sub-enter,burst,5,Enter Enter,ran Codex | none | @button:Add attachment,1,1,Enter>menuitem:Provider[menu×1|f=menuitem:Provider|h=Provider]@15.5 ; Enter>menuitem:Provider[menu×2|f=menuitem:Provider|h=Codex]@26.3 ; Enter*>menuitem:Codex[menu×2|f=menuitem:Codex|h=Codex]@26.7
chromium-dark-desktop › orbit-submenu-sample sub-enter-enter burst sample 6,orbit-submenu-sample,submenu,sub-enter-enter,sub-enter,burst,6,Enter Enter,ran Codex | none | @button:Add attachment,1,1,Enter>menuitem:Provider[menu×1|f=menuitem:Provider|h=Provider]@10.8 ; Enter>menuitem:Provider[menu×2|f=menuitem:Provider|h=Codex]@21.8 ; Enter*>menuitem:Codex[menu×2|f=menuitem:Codex|h=Codex]@22.3
chromium-dark-desktop › orbit-submenu-sample sub-enter-enter burst sample 7,orbit-submenu-sample,submenu,sub-enter-enter,sub-enter,burst,7,Enter Enter,ran Codex | none | @button:Add attachment,1,1,Enter>menuitem:Provider[menu×1|f=menuitem:Provider|h=Provider]@8.1 ; Enter>menuitem:Provider[menu×2|f=menuitem:Provider|h=Codex]@18.1 ; Enter*>menuitem:Codex[menu×2|f=menuitem:Codex|h=Codex]@18.5
chromium-dark-desktop › orbit-submenu-sample sub-enter-enter burst sample 8,orbit-submenu-sample,submenu,sub-enter-enter,sub-enter,burst,8,Enter Enter,ran Codex | none | @button:Add attachment,1,1,Enter>menuitem:Provider[menu×1|f=menuitem:Provider|h=Provider]@6.9 ; Enter>menuitem:Provider[menu×2|f=menuitem:Provider|h=Codex]@20 ; Enter*>menuitem:Codex[menu×2|f=menuitem:Codex|h=Codex]@20.4
chromium-dark-desktop › orbit-submenu-sample sub-enter-enter burst sample 9,orbit-submenu-sample,submenu,sub-enter-enter,sub-enter,burst,9,Enter Enter,ran Codex | none | @button:Add attachment,1,1,Enter>menuitem:Provider[menu×1|f=menuitem:Provider|h=Provider]@17.7 ; Enter>menuitem:Provider[menu×2|f=menuitem:Provider|h=Codex]@28.2 ; Enter*>menuitem:Codex[menu×2|f=menuitem:Codex|h=Codex]@28.6
chromium-dark-desktop › orbit-submenu-sample sub-enter-enter burst sample 10,orbit-submenu-sample,submenu,sub-enter-enter,sub-enter,burst,10,Enter Enter,ran Codex | none | @button:Add attachment,1,1,Enter>menuitem:Provider[menu×1|f=menuitem:Provider|h=Provider]@13 ; Enter>menuitem:Provider[menu×2|f=menuitem:Provider|h=Codex]@28 ; Enter*>menuitem:Codex[menu×2|f=menuitem:Codex|h=Codex]@28.6
chromium-dark-desktop › orbit-submenu-sample sub-enter-enter burst sample 11,orbit-submenu-sample,submenu,sub-enter-enter,sub-enter,burst,11,Enter Enter,ran Codex | none | @button:Add attachment,1,1,Enter>menuitem:Provider[menu×1|f=menuitem:Provider|h=Provider]@7.1 ; Enter>menuitem:Provider[menu×2|f=menuitem:Provider|h=Codex]@17.2 ; Enter*>menuitem:Codex[menu×2|f=menuitem:Codex|h=Codex]@17.6
chromium-dark-desktop › orbit-submenu-sample sub-enter-enter burst sample 12,orbit-submenu-sample,submenu,sub-enter-enter,sub-enter,burst,12,Enter Enter,ran Codex | none | @button:Add attachment,1,1,Enter>menuitem:Provider[menu×1|f=menuitem:Provider|h=Provider]@12.4 ; Enter>menuitem:Provider[menu×2|f=menuitem:Provider|h=Codex]@22.4 ; Enter*>menuitem:Codex[menu×2|f=menuitem:Codex|h=Codex]@22.8
chromium-dark-desktop › orbit-submenu-sample sub-enter-enter burst sample 13,orbit-submenu-sample,submenu,sub-enter-enter,sub-enter,burst,13,Enter Enter,ran Codex | none | @button:Add attachment,1,1,Enter>menuitem:Provider[menu×1|f=menuitem:Provider|h=Provider]@11.6 ; Enter>menuitem:Provider[menu×2|f=menuitem:Provider|h=Codex]@21.7 ; Enter*>menuitem:Codex[menu×2|f=menuitem:Codex|h=Codex]@22.2
chromium-dark-desktop › orbit-submenu-sample sub-enter-enter burst sample 14,orbit-submenu-sample,submenu,sub-enter-enter,sub-enter,burst,14,Enter Enter,ran Codex | none | @button:Add attachment,1,1,Enter>menuitem:Provider[menu×1|f=menuitem:Provider|h=Provider]@5.7 ; Enter>menuitem:Provider[menu×2|f=menuitem:Provider|h=Codex]@15.8 ; Enter*>menuitem:Codex[menu×2|f=menuitem:Codex|h=Codex]@16.2
chromium-dark-desktop › orbit-submenu-sample sub-enter-enter burst sample 15,orbit-submenu-sample,submenu,sub-enter-enter,sub-enter,burst,15,Enter Enter,ran Codex | none | @button:Add attachment,1,1,Enter>menuitem:Provider[menu×1|f=menuitem:Provider|h=Provider]@8.2 ; Enter>menuitem:Provider[menu×2|f=menuitem:Provider|h=Codex]@18.2 ; Enter*>menuitem:Codex[menu×2|f=menuitem:Codex|h=Codex]@18.7
chromium-dark-desktop › orbit-submenu-sample sub-enter-enter burst sample 16,orbit-submenu-sample,submenu,sub-enter-enter,sub-enter,burst,16,Enter Enter,ran Codex | none | @button:Add attachment,1,1,Enter>menuitem:Provider[menu×1|f=menuitem:Provider|h=Provider]@12.4 ; Enter>menuitem:Provider[menu×2|f=menuitem:Provider|h=Codex]@22.8 ; Enter*>menuitem:Codex[menu×2|f=menuitem:Codex|h=Codex]@23.3
chromium-dark-desktop › orbit-submenu-sample sub-enter-enter burst sample 17,orbit-submenu-sample,submenu,sub-enter-enter,sub-enter,burst,17,Enter Enter,ran Codex | none | @button:Add attachment,1,1,Enter>menuitem:Provider[menu×1|f=menuitem:Provider|h=Provider]@6.1 ; Enter>menuitem:Provider[menu×2|f=menuitem:Provider|h=Codex]@16.2 ; Enter*>menuitem:Codex[menu×2|f=menuitem:Codex|h=Codex]@16.6
chromium-dark-desktop › orbit-submenu-sample sub-enter-enter burst sample 18,orbit-submenu-sample,submenu,sub-enter-enter,sub-enter,burst,18,Enter Enter,ran Codex | none | @button:Add attachment,1,1,Enter>menuitem:Provider[menu×1|f=menuitem:Provider|h=Provider]@18.6 ; Enter>menuitem:Provider[menu×2|f=menuitem:Provider|h=Codex]@29.2 ; Enter*>menuitem:Codex[menu×2|f=menuitem:Codex|h=Codex]@29.6
chromium-dark-desktop › orbit-submenu-sample sub-enter-enter burst sample 19,orbit-submenu-sample,submenu,sub-enter-enter,sub-enter,burst,19,Enter Enter,ran Codex | none | @button:Add attachment,1,1,Enter>menuitem:Provider[menu×1|f=menuitem:Provider|h=Provider]@9.1 ; Enter>menuitem:Provider[menu×2|f=menuitem:Provider|h=Codex]@19.2 ; Enter*>menuitem:Codex[menu×2|f=menuitem:Codex|h=Codex]@19.7
chromium-dark-desktop › orbit-submenu-sample sub-enter-enter paced sample 0,orbit-submenu-sample,submenu,sub-enter-enter,sub-enter,paced,0,Enter Enter,ran Codex | none | @button:Add attachment,0,0,Enter>menuitem:Provider[menu×1|f=menuitem:Provider|h=Provider]@12.9 ; Enter>menuitem:Codex[menu×2|f=menuitem:Codex|h=Codex]@327.6
chromium-dark-desktop › orbit-submenu-sample sub-enter-enter paced sample 1,orbit-submenu-sample,submenu,sub-enter-enter,sub-enter,paced,1,Enter Enter,ran Codex | none | @button:Add attachment,0,0,Enter>menuitem:Provider[menu×1|f=menuitem:Provider|h=Provider]@16 ; Enter>menuitem:Codex[menu×2|f=menuitem:Codex|h=Codex]@330.2
chromium-dark-desktop › orbit-submenu-sample sub-enter-enter paced sample 2,orbit-submenu-sample,submenu,sub-enter-enter,sub-enter,paced,2,Enter Enter,ran Codex | none | @button:Add attachment,0,0,Enter>menuitem:Provider[menu×1|f=menuitem:Provider|h=Provider]@14.6 ; Enter>menuitem:Codex[menu×2|f=menuitem:Codex|h=Codex]@332.3
chromium-dark-desktop › orbit-submenu-sample sub-enter-enter paced sample 3,orbit-submenu-sample,submenu,sub-enter-enter,sub-enter,paced,3,Enter Enter,ran Codex | none | @button:Add attachment,0,0,Enter>menuitem:Provider[menu×1|f=menuitem:Provider|h=Provider]@5.9 ; Enter>menuitem:Codex[menu×2|f=menuitem:Codex|h=Codex]@319.1
chromium-dark-desktop › orbit-submenu-sample sub-enter-enter paced sample 4,orbit-submenu-sample,submenu,sub-enter-enter,sub-enter,paced,4,Enter Enter,ran Codex | none | @button:Add attachment,0,0,Enter>menuitem:Provider[menu×1|f=menuitem:Provider|h=Provider]@2.8 ; Enter>menuitem:Codex[menu×2|f=menuitem:Codex|h=Codex]@317.2
chromium-dark-desktop › orbit-submenu-sample sub-enter-enter paced sample 5,orbit-submenu-sample,submenu,sub-enter-enter,sub-enter,paced,5,Enter Enter,ran Codex | none | @button:Add attachment,0,0,Enter>menuitem:Provider[menu×1|f=menuitem:Provider|h=Provider]@11.1 ; Enter>menuitem:Codex[menu×2|f=menuitem:Codex|h=Codex]@324.6
chromium-dark-desktop › orbit-submenu-sample sub-enter-enter paced sample 6,orbit-submenu-sample,submenu,sub-enter-enter,sub-enter,paced,6,Enter Enter,ran Codex | none | @button:Add attachment,0,0,Enter>menuitem:Provider[menu×1|f=menuitem:Provider|h=Provider]@17.1 ; Enter>menuitem:Codex[menu×2|f=menuitem:Codex|h=Codex]@331
chromium-dark-desktop › orbit-submenu-sample sub-enter-enter paced sample 7,orbit-submenu-sample,submenu,sub-enter-enter,sub-enter,paced,7,Enter Enter,ran Codex | none | @button:Add attachment,0,0,Enter>menuitem:Provider[menu×1|f=menuitem:Provider|h=Provider]@11.3 ; Enter>menuitem:Codex[menu×2|f=menuitem:Codex|h=Codex]@325.8
chromium-dark-desktop › orbit-submenu-sample sub-enter-enter paced sample 8,orbit-submenu-sample,submenu,sub-enter-enter,sub-enter,paced,8,Enter Enter,ran Codex | none | @button:Add attachment,0,0,Enter>menuitem:Provider[menu×1|f=menuitem:Provider|h=Provider]@5.9 ; Enter>menuitem:Codex[menu×2|f=menuitem:Codex|h=Codex]@322.4
chromium-dark-desktop › orbit-submenu-sample sub-enter-enter paced sample 9,orbit-submenu-sample,submenu,sub-enter-enter,sub-enter,paced,9,Enter Enter,ran Codex | none | @button:Add attachment,0,0,Enter>menuitem:Provider[menu×1|f=menuitem:Provider|h=Provider]@19 ; Enter>menuitem:Codex[menu×2|f=menuitem:Codex|h=Codex]@333.7
chromium-dark-desktop › orbit-submenu-sample sub-enter-enter paced sample 10,orbit-submenu-sample,submenu,sub-enter-enter,sub-enter,paced,10,Enter Enter,ran Codex | none | @button:Add attachment,0,0,Enter>menuitem:Provider[menu×1|f=menuitem:Provider|h=Provider]@4.7 ; Enter>menuitem:Codex[menu×2|f=menuitem:Codex|h=Codex]@326.3
chromium-dark-desktop › orbit-submenu-sample sub-enter-enter paced sample 11,orbit-submenu-sample,submenu,sub-enter-enter,sub-enter,paced,11,Enter Enter,ran Codex | none | @button:Add attachment,0,0,Enter>menuitem:Provider[menu×1|f=menuitem:Provider|h=Provider]@9.9 ; Enter>menuitem:Codex[menu×2|f=menuitem:Codex|h=Codex]@322.9
chromium-dark-desktop › orbit-submenu-sample sub-enter-enter paced sample 12,orbit-submenu-sample,submenu,sub-enter-enter,sub-enter,paced,12,Enter Enter,ran Codex | none | @button:Add attachment,0,0,Enter>menuitem:Provider[menu×1|f=menuitem:Provider|h=Provider]@4.4 ; Enter>menuitem:Codex[menu×2|f=menuitem:Codex|h=Codex]@319.6
chromium-dark-desktop › orbit-submenu-sample sub-enter-enter paced sample 13,orbit-submenu-sample,submenu,sub-enter-enter,sub-enter,paced,13,Enter Enter,ran Codex | none | @button:Add attachment,0,0,Enter>menuitem:Provider[menu×1|f=menuitem:Provider|h=Provider]@14.6 ; Enter>menuitem:Codex[menu×2|f=menuitem:Codex|h=Codex]@328.8
chromium-dark-desktop › orbit-submenu-sample sub-enter-enter paced sample 14,orbit-submenu-sample,submenu,sub-enter-enter,sub-enter,paced,14,Enter Enter,ran Codex | none | @button:Add attachment,0,0,Enter>menuitem:Provider[menu×1|f=menuitem:Provider|h=Provider]@17.5 ; Enter>menuitem:Codex[menu×2|f=menuitem:Codex|h=Codex]@342.6
chromium-dark-desktop › orbit-submenu-sample sub-enter-enter paced sample 15,orbit-submenu-sample,submenu,sub-enter-enter,sub-enter,paced,15,Enter Enter,ran Codex | none | @button:Add attachment,0,0,Enter>menuitem:Provider[menu×1|f=menuitem:Provider|h=Provider]@4.5 ; Enter>menuitem:Codex[menu×2|f=menuitem:Codex|h=Codex]@325.9
chromium-dark-desktop › orbit-submenu-sample sub-enter-enter paced sample 16,orbit-submenu-sample,submenu,sub-enter-enter,sub-enter,paced,16,Enter Enter,ran Codex | none | @button:Add attachment,0,0,Enter>menuitem:Provider[menu×1|f=menuitem:Provider|h=Provider]@13.5 ; Enter>menuitem:Codex[menu×2|f=menuitem:Codex|h=Codex]@327.8
chromium-dark-desktop › orbit-submenu-sample sub-enter-enter paced sample 17,orbit-submenu-sample,submenu,sub-enter-enter,sub-enter,paced,17,Enter Enter,ran Codex | none | @button:Add attachment,0,0,Enter>menuitem:Provider[menu×1|f=menuitem:Provider|h=Provider]@14 ; Enter>menuitem:Codex[menu×2|f=menuitem:Codex|h=Codex]@328
chromium-dark-desktop › orbit-submenu-sample sub-enter-enter paced sample 18,orbit-submenu-sample,submenu,sub-enter-enter,sub-enter,paced,18,Enter Enter,ran Codex | none | @button:Add attachment,0,0,Enter>menuitem:Provider[menu×1|f=menuitem:Provider|h=Provider]@12.1 ; Enter>menuitem:Codex[menu×2|f=menuitem:Codex|h=Codex]@329.5
chromium-dark-desktop › orbit-submenu-sample sub-enter-enter paced sample 19,orbit-submenu-sample,submenu,sub-enter-enter,sub-enter,paced,19,Enter Enter,ran Codex | none | @button:Add attachment,0,0,Enter>menuitem:Provider[menu×1|f=menuitem:Provider|h=Provider]@15.5 ; Enter>menuitem:Codex[menu×2|f=menuitem:Codex|h=Codex]@329.2
chromium-dark-desktop › orbit-submenu-sample sub-enter-down-enter burst sample 0,orbit-submenu-sample,submenu,sub-enter-down-enter,sub-enter-enter,burst,0,Enter ArrowDown Enter,ran Claude | none | @button:Add attachment,1,1,Enter>menuitem:Provider[menu×1|f=menuitem:Provider|h=Provider]@14.5 ; ArrowDown>menuitem:Provider[menu×2|f=menuitem:Provider|h=Codex]@24.5 ; ArrowDown*>menuitem:Codex[menu×2|f=menuitem:Provider|h=Codex]@24.6 ; Enter>menuitem:Claude[menu×2|f=menuitem:Claude|h=Claude]@26.1
chromium-dark-desktop › orbit-submenu-sample sub-enter-down-enter burst sample 1,orbit-submenu-sample,submenu,sub-enter-down-enter,sub-enter-enter,burst,1,Enter ArrowDown Enter,ran Claude | none | @button:Add attachment,1,1,Enter>menuitem:Provider[menu×1|f=menuitem:Provider|h=Provider]@9.8 ; ArrowDown>menuitem:Provider[menu×2|f=menuitem:Provider|h=Codex]@20 ; ArrowDown*>menuitem:Codex[menu×2|f=menuitem:Provider|h=Codex]@20 ; Enter>menuitem:Claude[menu×2|f=menuitem:Claude|h=Claude]@21.6
chromium-dark-desktop › orbit-submenu-sample sub-enter-down-enter burst sample 2,orbit-submenu-sample,submenu,sub-enter-down-enter,sub-enter-enter,burst,2,Enter ArrowDown Enter,ran Claude | none | @button:Add attachment,1,1,Enter>menuitem:Provider[menu×1|f=menuitem:Provider|h=Provider]@11.3 ; ArrowDown>menuitem:Provider[menu×2|f=menuitem:Provider|h=Codex]@25.9 ; ArrowDown*>menuitem:Codex[menu×2|f=menuitem:Provider|h=Codex]@25.9 ; Enter>menuitem:Claude[menu×2|f=menuitem:Claude|h=Claude]@28.3
chromium-dark-desktop › orbit-submenu-sample sub-enter-down-enter burst sample 3,orbit-submenu-sample,submenu,sub-enter-down-enter,sub-enter-enter,burst,3,Enter ArrowDown Enter,ran Claude | none | @button:Add attachment,1,1,Enter>menuitem:Provider[menu×1|f=menuitem:Provider|h=Provider]@3.1 ; ArrowDown>menuitem:Provider[menu×2|f=menuitem:Provider|h=Codex]@16.6 ; ArrowDown*>menuitem:Codex[menu×2|f=menuitem:Provider|h=Codex]@16.6 ; Enter>menuitem:Claude[menu×2|f=menuitem:Claude|h=Claude]@18.7
chromium-dark-desktop › orbit-submenu-sample sub-enter-down-enter burst sample 4,orbit-submenu-sample,submenu,sub-enter-down-enter,sub-enter-enter,burst,4,Enter ArrowDown Enter,ran Claude | none | @button:Add attachment,1,1,Enter>menuitem:Provider[menu×1|f=menuitem:Provider|h=Provider]@10.2 ; ArrowDown>menuitem:Provider[menu×2|f=menuitem:Provider|h=Codex]@21 ; ArrowDown*>menuitem:Codex[menu×2|f=menuitem:Provider|h=Codex]@21.1 ; Enter>menuitem:Claude[menu×2|f=menuitem:Claude|h=Claude]@22.7
chromium-dark-desktop › orbit-submenu-sample sub-enter-down-enter burst sample 5,orbit-submenu-sample,submenu,sub-enter-down-enter,sub-enter-enter,burst,5,Enter ArrowDown Enter,ran Claude | none | @button:Add attachment,1,1,Enter>menuitem:Provider[menu×1|f=menuitem:Provider|h=Provider]@5 ; ArrowDown>menuitem:Provider[menu×2|f=menuitem:Provider|h=Codex]@15.3 ; ArrowDown*>menuitem:Codex[menu×2|f=menuitem:Provider|h=Codex]@15.3 ; Enter>menuitem:Claude[menu×2|f=menuitem:Claude|h=Claude]@17
chromium-dark-desktop › orbit-submenu-sample sub-enter-down-enter burst sample 6,orbit-submenu-sample,submenu,sub-enter-down-enter,sub-enter-enter,burst,6,Enter ArrowDown Enter,ran Claude | none | @button:Add attachment,1,1,Enter>menuitem:Provider[menu×1|f=menuitem:Provider|h=Provider]@5.3 ; ArrowDown>menuitem:Provider[menu×2|f=menuitem:Provider|h=Codex]@15.4 ; ArrowDown*>menuitem:Codex[menu×2|f=menuitem:Provider|h=Codex]@15.5 ; Enter>menuitem:Claude[menu×2|f=menuitem:Claude|h=Claude]@17.1
chromium-dark-desktop › orbit-submenu-sample sub-enter-down-enter burst sample 7,orbit-submenu-sample,submenu,sub-enter-down-enter,sub-enter-enter,burst,7,Enter ArrowDown Enter,ran Claude | none | @button:Add attachment,1,1,Enter>menuitem:Provider[menu×1|f=menuitem:Provider|h=Provider]@14.6 ; ArrowDown>menuitem:Provider[menu×2|f=menuitem:Provider|h=Codex]@25 ; ArrowDown*>menuitem:Codex[menu×2|f=menuitem:Provider|h=Codex]@25.1 ; Enter>menuitem:Claude[menu×2|f=menuitem:Claude|h=Claude]@26.7
chromium-dark-desktop › orbit-submenu-sample sub-enter-down-enter burst sample 8,orbit-submenu-sample,submenu,sub-enter-down-enter,sub-enter-enter,burst,8,Enter ArrowDown Enter,ran Claude | none | @button:Add attachment,1,1,Enter>menuitem:Provider[menu×1|f=menuitem:Provider|h=Provider]@15.5 ; ArrowDown>menuitem:Provider[menu×2|f=menuitem:Provider|h=Codex]@29.6 ; ArrowDown*>menuitem:Codex[menu×2|f=menuitem:Provider|h=Codex]@29.7 ; Enter>menuitem:Claude[menu×2|f=menuitem:Claude|h=Claude]@31.8
chromium-dark-desktop › orbit-submenu-sample sub-enter-down-enter burst sample 9,orbit-submenu-sample,submenu,sub-enter-down-enter,sub-enter-enter,burst,9,Enter ArrowDown Enter,ran Claude | none | @button:Add attachment,1,1,Enter>menuitem:Provider[menu×1|f=menuitem:Provider|h=Provider]@12.7 ; ArrowDown>menuitem:Provider[menu×2|f=menuitem:Provider|h=Codex]@22.9 ; ArrowDown*>menuitem:Codex[menu×2|f=menuitem:Provider|h=Codex]@22.9 ; Enter>menuitem:Claude[menu×2|f=menuitem:Claude|h=Claude]@24.5
chromium-dark-desktop › orbit-submenu-sample sub-enter-down-enter burst sample 10,orbit-submenu-sample,submenu,sub-enter-down-enter,sub-enter-enter,burst,10,Enter ArrowDown Enter,ran Claude | none | @button:Add attachment,1,1,Enter>menuitem:Provider[menu×1|f=menuitem:Provider|h=Provider]@13 ; ArrowDown>menuitem:Provider[menu×2|f=menuitem:Provider|h=Codex]@23.3 ; ArrowDown*>menuitem:Codex[menu×2|f=menuitem:Provider|h=Codex]@23.4 ; Enter>menuitem:Claude[menu×2|f=menuitem:Claude|h=Claude]@25
chromium-dark-desktop › orbit-submenu-sample sub-enter-down-enter burst sample 11,orbit-submenu-sample,submenu,sub-enter-down-enter,sub-enter-enter,burst,11,Enter ArrowDown Enter,ran Claude | none | @button:Add attachment,1,1,Enter>menuitem:Provider[menu×1|f=menuitem:Provider|h=Provider]@15.9 ; ArrowDown>menuitem:Provider[menu×2|f=menuitem:Provider|h=Codex]@26.4 ; ArrowDown*>menuitem:Codex[menu×2|f=menuitem:Provider|h=Codex]@26.5 ; Enter>menuitem:Claude[menu×2|f=menuitem:Claude|h=Claude]@28.1
chromium-dark-desktop › orbit-submenu-sample sub-enter-down-enter burst sample 12,orbit-submenu-sample,submenu,sub-enter-down-enter,sub-enter-enter,burst,12,Enter ArrowDown Enter,ran Claude | none | @button:Add attachment,1,1,Enter>menuitem:Provider[menu×1|f=menuitem:Provider|h=Provider]@9.5 ; ArrowDown>menuitem:Provider[menu×2|f=menuitem:Provider|h=Codex]@19.6 ; ArrowDown*>menuitem:Codex[menu×2|f=menuitem:Provider|h=Codex]@19.6 ; Enter>menuitem:Claude[menu×2|f=menuitem:Claude|h=Claude]@21.1
chromium-dark-desktop › orbit-submenu-sample sub-enter-down-enter burst sample 13,orbit-submenu-sample,submenu,sub-enter-down-enter,sub-enter-enter,burst,13,Enter ArrowDown Enter,ran Claude | none | @button:Add attachment,1,1,Enter>menuitem:Provider[menu×1|f=menuitem:Provider|h=Provider]@9 ; ArrowDown>menuitem:Provider[menu×2|f=menuitem:Provider|h=Codex]@19.1 ; ArrowDown*>menuitem:Codex[menu×2|f=menuitem:Provider|h=Codex]@19.1 ; Enter>menuitem:Claude[menu×2|f=menuitem:Claude|h=Claude]@20.6
chromium-dark-desktop › orbit-submenu-sample sub-enter-down-enter burst sample 14,orbit-submenu-sample,submenu,sub-enter-down-enter,sub-enter-enter,burst,14,Enter ArrowDown Enter,ran Claude | none | @button:Add attachment,1,1,Enter>menuitem:Provider[menu×1|f=menuitem:Provider|h=Provider]@15.2 ; ArrowDown>menuitem:Provider[menu×2|f=menuitem:Provider|h=Codex]@29.3 ; ArrowDown*>menuitem:Codex[menu×2|f=menuitem:Provider|h=Codex]@29.3 ; Enter>menuitem:Claude[menu×2|f=menuitem:Claude|h=Claude]@31.4
chromium-dark-desktop › orbit-submenu-sample sub-enter-down-enter burst sample 15,orbit-submenu-sample,submenu,sub-enter-down-enter,sub-enter-enter,burst,15,Enter ArrowDown Enter,ran Claude | none | @button:Add attachment,1,1,Enter>menuitem:Provider[menu×1|f=menuitem:Provider|h=Provider]@6.5 ; ArrowDown>menuitem:Provider[menu×2|f=menuitem:Provider|h=Codex]@20.3 ; ArrowDown*>menuitem:Codex[menu×2|f=menuitem:Provider|h=Codex]@20.4 ; Enter>menuitem:Claude[menu×2|f=menuitem:Claude|h=Claude]@22.6
chromium-dark-desktop › orbit-submenu-sample sub-enter-down-enter burst sample 16,orbit-submenu-sample,submenu,sub-enter-down-enter,sub-enter-enter,burst,16,Enter ArrowDown Enter,ran Claude | none | @button:Add attachment,1,1,Enter>menuitem:Provider[menu×1|f=menuitem:Provider|h=Provider]@7.3 ; ArrowDown>menuitem:Provider[menu×2|f=menuitem:Provider|h=Codex]@17.2 ; ArrowDown*>menuitem:Codex[menu×2|f=menuitem:Provider|h=Codex]@17.3 ; Enter>menuitem:Claude[menu×2|f=menuitem:Claude|h=Claude]@18.9
chromium-dark-desktop › orbit-submenu-sample sub-enter-down-enter burst sample 17,orbit-submenu-sample,submenu,sub-enter-down-enter,sub-enter-enter,burst,17,Enter ArrowDown Enter,ran Claude | none | @button:Add attachment,1,1,Enter>menuitem:Provider[menu×1|f=menuitem:Provider|h=Provider]@4.1 ; ArrowDown>menuitem:Provider[menu×2|f=menuitem:Provider|h=Codex]@14 ; ArrowDown*>menuitem:Codex[menu×2|f=menuitem:Provider|h=Codex]@14 ; Enter>menuitem:Claude[menu×2|f=menuitem:Claude|h=Claude]@15.5
chromium-dark-desktop › orbit-submenu-sample sub-enter-down-enter burst sample 18,orbit-submenu-sample,submenu,sub-enter-down-enter,sub-enter-enter,burst,18,Enter ArrowDown Enter,ran Claude | none | @button:Add attachment,1,1,Enter>menuitem:Provider[menu×1|f=menuitem:Provider|h=Provider]@5.2 ; ArrowDown>menuitem:Provider[menu×2|f=menuitem:Provider|h=Codex]@15.1 ; ArrowDown*>menuitem:Codex[menu×2|f=menuitem:Provider|h=Codex]@15.2 ; Enter>menuitem:Claude[menu×2|f=menuitem:Claude|h=Claude]@16.7
chromium-dark-desktop › orbit-submenu-sample sub-enter-down-enter burst sample 19,orbit-submenu-sample,submenu,sub-enter-down-enter,sub-enter-enter,burst,19,Enter ArrowDown Enter,ran Claude | none | @button:Add attachment,1,1,Enter>menuitem:Provider[menu×1|f=menuitem:Provider|h=Provider]@13.3 ; ArrowDown>menuitem:Provider[menu×2|f=menuitem:Provider|h=Codex]@28.3 ; ArrowDown*>menuitem:Codex[menu×2|f=menuitem:Provider|h=Codex]@28.4 ; Enter>menuitem:Claude[menu×2|f=menuitem:Claude|h=Claude]@30.5
chromium-dark-desktop › orbit-submenu-sample sub-enter-down-enter paced sample 0,orbit-submenu-sample,submenu,sub-enter-down-enter,sub-enter-enter,paced,0,Enter ArrowDown Enter,ran Claude | none | @button:Add attachment,0,0,Enter>menuitem:Provider[menu×1|f=menuitem:Provider|h=Provider]@17.8 ; ArrowDown>menuitem:Codex[menu×2|f=menuitem:Codex|h=Codex]@331.9 ; Enter>menuitem:Claude[menu×2|f=menuitem:Claude|h=Claude]@636.9
chromium-dark-desktop › orbit-submenu-sample sub-enter-down-enter paced sample 1,orbit-submenu-sample,submenu,sub-enter-down-enter,sub-enter-enter,paced,1,Enter ArrowDown Enter,ran Claude | none | @button:Add attachment,0,0,Enter>menuitem:Provider[menu×1|f=menuitem:Provider|h=Provider]@6.6 ; ArrowDown>menuitem:Codex[menu×2|f=menuitem:Codex|h=Codex]@324.4 ; Enter>menuitem:Claude[menu×2|f=menuitem:Claude|h=Claude]@630
chromium-dark-desktop › orbit-submenu-sample sub-enter-down-enter paced sample 2,orbit-submenu-sample,submenu,sub-enter-down-enter,sub-enter-enter,paced,2,Enter ArrowDown Enter,ran Claude | none | @button:Add attachment,0,0,Enter>menuitem:Provider[menu×1|f=menuitem:Provider|h=Provider]@3.3 ; ArrowDown>menuitem:Codex[menu×2|f=menuitem:Codex|h=Codex]@321.2 ; Enter>menuitem:Claude[menu×2|f=menuitem:Claude|h=Claude]@627.6
chromium-dark-desktop › orbit-submenu-sample sub-enter-down-enter paced sample 3,orbit-submenu-sample,submenu,sub-enter-down-enter,sub-enter-enter,paced,3,Enter ArrowDown Enter,ran Claude | none | @button:Add attachment,0,0,Enter>menuitem:Provider[menu×1|f=menuitem:Provider|h=Provider]@14.1 ; ArrowDown>menuitem:Codex[menu×2|f=menuitem:Codex|h=Codex]@339.3 ; Enter>menuitem:Claude[menu×2|f=menuitem:Claude|h=Claude]@651.9
chromium-dark-desktop › orbit-submenu-sample sub-enter-down-enter paced sample 4,orbit-submenu-sample,submenu,sub-enter-down-enter,sub-enter-enter,paced,4,Enter ArrowDown Enter,ran Claude | none | @button:Add attachment,0,0,Enter>menuitem:Provider[menu×1|f=menuitem:Provider|h=Provider]@8.1 ; ArrowDown>menuitem:Codex[menu×2|f=menuitem:Codex|h=Codex]@322.9 ; Enter>menuitem:Claude[menu×2|f=menuitem:Claude|h=Claude]@627.2
chromium-dark-desktop › orbit-submenu-sample sub-enter-down-enter paced sample 5,orbit-submenu-sample,submenu,sub-enter-down-enter,sub-enter-enter,paced,5,Enter ArrowDown Enter,ran Claude | none | @button:Add attachment,0,0,Enter>menuitem:Provider[menu×1|f=menuitem:Provider|h=Provider]@12.1 ; ArrowDown>menuitem:Codex[menu×2|f=menuitem:Codex|h=Codex]@328.3 ; Enter>menuitem:Claude[menu×2|f=menuitem:Claude|h=Claude]@633.6
chromium-dark-desktop › orbit-submenu-sample sub-enter-down-enter paced sample 6,orbit-submenu-sample,submenu,sub-enter-down-enter,sub-enter-enter,paced,6,Enter ArrowDown Enter,ran Claude | none | @button:Add attachment,0,0,Enter>menuitem:Provider[menu×1|f=menuitem:Provider|h=Provider]@17.5 ; ArrowDown>menuitem:Codex[menu×2|f=menuitem:Codex|h=Codex]@332.2 ; Enter>menuitem:Claude[menu×2|f=menuitem:Claude|h=Claude]@638.5
chromium-dark-desktop › orbit-submenu-sample sub-enter-down-enter paced sample 7,orbit-submenu-sample,submenu,sub-enter-down-enter,sub-enter-enter,paced,7,Enter ArrowDown Enter,ran Claude | none | @button:Add attachment,0,0,Enter>menuitem:Provider[menu×1|f=menuitem:Provider|h=Provider]@11 ; ArrowDown>menuitem:Codex[menu×2|f=menuitem:Codex|h=Codex]@327.9 ; Enter>menuitem:Claude[menu×2|f=menuitem:Claude|h=Claude]@636.4
chromium-dark-desktop › orbit-submenu-sample sub-enter-down-enter paced sample 8,orbit-submenu-sample,submenu,sub-enter-down-enter,sub-enter-enter,paced,8,Enter ArrowDown Enter,ran Claude | none | @button:Add attachment,0,0,Enter>menuitem:Provider[menu×1|f=menuitem:Provider|h=Provider]@19.1 ; ArrowDown>menuitem:Codex[menu×2|f=menuitem:Codex|h=Codex]@333.2 ; Enter>menuitem:Claude[menu×2|f=menuitem:Claude|h=Claude]@640.8
chromium-dark-desktop › orbit-submenu-sample sub-enter-down-enter paced sample 9,orbit-submenu-sample,submenu,sub-enter-down-enter,sub-enter-enter,paced,9,Enter ArrowDown Enter,ran Claude | none | @button:Add attachment,0,0,Enter>menuitem:Provider[menu×1|f=menuitem:Provider|h=Provider]@16.4 ; ArrowDown>menuitem:Codex[menu×2|f=menuitem:Codex|h=Codex]@331.5 ; Enter>menuitem:Claude[menu×2|f=menuitem:Claude|h=Claude]@638.8
chromium-dark-desktop › orbit-submenu-sample sub-enter-down-enter paced sample 10,orbit-submenu-sample,submenu,sub-enter-down-enter,sub-enter-enter,paced,10,Enter ArrowDown Enter,ran Claude | none | @button:Add attachment,0,0,Enter>menuitem:Provider[menu×1|f=menuitem:Provider|h=Provider]@10.3 ; ArrowDown>menuitem:Codex[menu×2|f=menuitem:Codex|h=Codex]@323.8 ; Enter>menuitem:Claude[menu×2|f=menuitem:Claude|h=Claude]@629.8
chromium-dark-desktop › orbit-submenu-sample sub-enter-down-enter paced sample 11,orbit-submenu-sample,submenu,sub-enter-down-enter,sub-enter-enter,paced,11,Enter ArrowDown Enter,ran Claude | none | @button:Add attachment,0,0,Enter>menuitem:Provider[menu×1|f=menuitem:Provider|h=Provider]@11.3 ; ArrowDown>menuitem:Codex[menu×2|f=menuitem:Codex|h=Codex]@328.6 ; Enter>menuitem:Claude[menu×2|f=menuitem:Claude|h=Claude]@635.7
chromium-dark-desktop › orbit-submenu-sample sub-enter-down-enter paced sample 12,orbit-submenu-sample,submenu,sub-enter-down-enter,sub-enter-enter,paced,12,Enter ArrowDown Enter,ran Claude | none | @button:Add attachment,0,0,Enter>menuitem:Provider[menu×1|f=menuitem:Provider|h=Provider]@7.3 ; ArrowDown>menuitem:Codex[menu×2|f=menuitem:Codex|h=Codex]@329.7 ; Enter>menuitem:Claude[menu×2|f=menuitem:Claude|h=Claude]@636.6
chromium-dark-desktop › orbit-submenu-sample sub-enter-down-enter paced sample 13,orbit-submenu-sample,submenu,sub-enter-down-enter,sub-enter-enter,paced,13,Enter ArrowDown Enter,ran Claude | none | @button:Add attachment,0,0,Enter>menuitem:Provider[menu×1|f=menuitem:Provider|h=Provider]@8 ; ArrowDown>menuitem:Codex[menu×2|f=menuitem:Codex|h=Codex]@331.2 ; Enter>menuitem:Claude[menu×2|f=menuitem:Claude|h=Claude]@640.9
chromium-dark-desktop › orbit-submenu-sample sub-enter-down-enter paced sample 14,orbit-submenu-sample,submenu,sub-enter-down-enter,sub-enter-enter,paced,14,Enter ArrowDown Enter,ran Claude | none | @button:Add attachment,0,0,Enter>menuitem:Provider[menu×1|f=menuitem:Provider|h=Provider]@15.1 ; ArrowDown>menuitem:Codex[menu×2|f=menuitem:Codex|h=Codex]@331.8 ; Enter>menuitem:Claude[menu×2|f=menuitem:Claude|h=Claude]@637.1
chromium-dark-desktop › orbit-submenu-sample sub-enter-down-enter paced sample 15,orbit-submenu-sample,submenu,sub-enter-down-enter,sub-enter-enter,paced,15,Enter ArrowDown Enter,ran Claude | none | @button:Add attachment,0,0,Enter>menuitem:Provider[menu×1|f=menuitem:Provider|h=Provider]@13.9 ; ArrowDown>menuitem:Codex[menu×2|f=menuitem:Codex|h=Codex]@328.6 ; Enter>menuitem:Claude[menu×2|f=menuitem:Claude|h=Claude]@634.6
chromium-dark-desktop › orbit-submenu-sample sub-enter-down-enter paced sample 16,orbit-submenu-sample,submenu,sub-enter-down-enter,sub-enter-enter,paced,16,Enter ArrowDown Enter,ran Claude | none | @button:Add attachment,0,0,Enter>menuitem:Provider[menu×1|f=menuitem:Provider|h=Provider]@6.7 ; ArrowDown>menuitem:Codex[menu×2|f=menuitem:Codex|h=Codex]@324.7 ; Enter>menuitem:Claude[menu×2|f=menuitem:Claude|h=Claude]@630.7
chromium-dark-desktop › orbit-submenu-sample sub-enter-down-enter paced sample 17,orbit-submenu-sample,submenu,sub-enter-down-enter,sub-enter-enter,paced,17,Enter ArrowDown Enter,ran Claude | none | @button:Add attachment,0,0,Enter>menuitem:Provider[menu×1|f=menuitem:Provider|h=Provider]@2.3 ; ArrowDown>menuitem:Codex[menu×2|f=menuitem:Codex|h=Codex]@315 ; Enter>menuitem:Claude[menu×2|f=menuitem:Claude|h=Claude]@619.5
chromium-dark-desktop › orbit-submenu-sample sub-enter-down-enter paced sample 18,orbit-submenu-sample,submenu,sub-enter-down-enter,sub-enter-enter,paced,18,Enter ArrowDown Enter,ran Claude | none | @button:Add attachment,0,0,Enter>menuitem:Provider[menu×1|f=menuitem:Provider|h=Provider]@17.2 ; ArrowDown>menuitem:Codex[menu×2|f=menuitem:Codex|h=Codex]@332.9 ; Enter>menuitem:Claude[menu×2|f=menuitem:Claude|h=Claude]@642
chromium-dark-desktop › orbit-submenu-sample sub-enter-down-enter paced sample 19,orbit-submenu-sample,submenu,sub-enter-down-enter,sub-enter-enter,paced,19,Enter ArrowDown Enter,ran Claude | none | @button:Add attachment,0,0,Enter>menuitem:Provider[menu×1|f=menuitem:Provider|h=Provider]@9.6 ; ArrowDown>menuitem:Codex[menu×2|f=menuitem:Codex|h=Codex]@324.5 ; Enter>menuitem:Claude[menu×2|f=menuitem:Claude|h=Claude]@629.2
